<?xml version="1.0" encoding="UTF-8"?>
<!DOCTYPE hibernate-configuration PUBLIC
		"-//Hibernate/Hibernate Configuration DTD 3.0//EN"
		"http://hibernate.sourceforge.net/hibernate-configuration-3.0.dtd">
<hibernate-configuration>
	<session-factory>
		<property name="hibernate.connection.driver_class">com.mysql.jdbc.Driver</property>
		<property name="hibernate.connection.password"></property>
		<property name="hibernate.connection.url">jdbc:mysql://localhost:3306/airlinenew</property>
		<property name="hibernate.connection.username">root</property>
		<property name="hbm2ddl.auto">update</property>
		<property name="hibernate.dialect">org.hibernate.dialect.MySQLDialect</property>
		<property name="hibernate.show_sql">true</property>
		<mapping class="com.neu.finalproject.model.User" />
		<mapping class="com.neu.finalproject.model.Admin" />
		<mapping class="com.neu.finalproject.model.Person" />
		<mapping class="com.neu.finalproject.model.Meal" />
		<mapping class="com.neu.finalproject.model.ZipCode" />
		<mapping class="com.neu.finalproject.model.Address" />
		<mapping class="com.neu.finalproject.model.Booking" />
		<mapping class="com.neu.finalproject.model.Transaction" />
		<mapping class="com.neu.finalproject.model.Flight" />
		<mapping class="com.neu.finalproject.model.FlightInventory" />
		<mapping class="com.neu.finalproject.model.Schedule" />
		<mapping class="com.neu.finalproject.model.Role" />
		<mapping class="com.neu.finalproject.model.Passenger" />
	</session-factory>
</hibernate-configuration>
