<?xml version="1.0" encoding="UTF-8"?>
<beans xmlns="http://www.springframework.org/schema/beans"
	xmlns:xsi="http://www.w3.org/2001/XMLSchema-instance"
	xsi:schemaLocation="http://www.springframework.org/schema/beans http://www.springframework.org/schema/beans/spring-beans.xsd">

	<!-- Root Context: defines shared resources visible to all other web components -->
	<bean id="bookingValidator" class="com.neu.finalproject.Validator.BookingValidator"></bean>
	<bean id="transactionValidator" class="com.neu.finalproject.Validator.TransactionValidator"></bean>
	<bean id="passengerValidator" class="com.neu.finalproject.Validator.PassengerValidator"></bean>
	<bean id="searchDao" class="com.neu.finalproject.DAO.SearchFlightDao"></bean>
	<bean id="flightInsertDao" class="com.neu.finalproject.DAO.FlightInsertDao"></bean>
	<bean id="personDetailsDao" class="com.neu.finalproject.DAO.PersonDetailsDao"></bean>
	<bean id="userRegistrationValidator" class="com.neu.finalproject.Validator.UserRegistrationValidator"></bean>
	<bean id="userRegDao" class="com.neu.finalproject.DAO.UserRegistrationDao"></bean>

</beans>
